Company Name,Website,Email
ESEL PTE LTD,https://ese.com.hk/asean/singapore/singapore-about-us,"info@my.ese-asia.com, info@unotronix.com, info@th.ese-asia.com, info@ph.ese-asia.com, info@ese.com.hk, info@sg.ese-asia.com"
PCA Technology Limited,https://pcatechnology.com/,"recruit@pcatechnology.com.sg, PCAT_Sales@pcatechnology.com.sg, PCATSingapore@pcatechnology.com.sg, PCAT_Procurement@pcatechnology.com.sg"
ZUKEN SINGAPORE PTE LTD,https://www.zuken.com/en/,"example@zuken.co.jp, formations@fr.zuken.com"
© 2017-2024. Marshall Cavendish Business Information Pte. Ltd,No results,No email found
RAYCODE TECHNOLOGIES PTE LTD,https://www.sgbarcode.com/,"katyongly68@gmail.com, yingyihlow@gmail.com, shaniachiaps@rep-sg.greateasternlife.com, rosli.iNQ@gmail.com, MPCservices.sg@gmail.com, Wealthallianz@gmail.com, tanleonard@aia.com.sg, inf0@sgbarcode.com, info@sgbarcode.com, Jonathankohxx@pruadviser.com.sg, andrewtan@zenit.sg, sales@imprintmedia.sg, tomchoo77@gmail.com, hello@amp-d-space.com, redzuan@neuentity.com, sulkhi@mobistudios.com.sg"
RAYMOND INTERNATIONAL PTE LTD,http://www.raymondintl.com/,"kuwait@raymondintl.com, emirates@raymondintl.com, saudiarabia@raymondintl.com, raycoat@raymondintl.com, middleeast@raymondintl.com, careers@raymondintl.com"
ZEPHYR SILKSCREEN CO. (PTE) LTD,http://honsengroup.com/about/profile/,"9888enquiry@honsengroup.com, 1788enquiry@honsengroup.com"
ZWICKROELL PTE LTD,https://www.zwickroell.com/,No email found
RAPTECH PTE LTD,http://raptech.com.sg/,enquiry@raptech.com.sg
YEAKIN PLASTIC INDUSTRY PTE LTD,https://yeakin.com/,"enquiries@yeakin.com.sg, enquires@yeakin.com.sg"
PCA TECHNOLOGY LIMITED,https://pcatechnology.com/,"recruit@pcatechnology.com.sg, PCAT_Sales@pcatechnology.com.sg, PCATSingapore@pcatechnology.com.sg, PCAT_Procurement@pcatechnology.com.sg"
ZEPPELIN SYSTEMS SINGAPORE PTE LTD,https://www.zeppelin-systems.com/de/en/locations/,"info@zeppelin.be, info@zeppelin-zi.com, michael.pfrieger@zeppelin.com, info@zeppelin-uk.com, zeppelin-usa@zeppelin-usa.com, office-shanghai@zeppelin-china.com, andreas.kaserer@zeppelin.com, thomas.nemecek@zeppelin-usa.com, julian.koenig@zeppelin.com, sascha.schmid@zeppelin.com, sven.schwelgin@zeppelin.com, zsd-frt-Info@zeppelin.com, ingo.puetz@zeppelin.com, mohsin@smartcontrols.in, zentral.fn@zeppelin.com, fred.krueger@zeppelin-usa.com, henschel@zeppelin.com, diretoria@zeppelin-la.com, systems.support@zeppelin.com, markus.brunkau@zeppelin.com, frank.speck@zeppelin.com, guido.veit@zeppelin.com, info@zeppelin-india.com, stephan.poller@zeppelin.com, hubert.stojanovic@zeppelin.com, foodtechnology@zeppelin.com, contact@zeppelin-france.com, info@zeppelin-usa.com, office@zeppelin-china.com, zfe-info@zeppelin.com, info@mti-mixer.de, zeppelin@zeppelin-korea.co.kr, zeppelingulf@zeppelin.com, nuovaciba@nuovaciba.re.it"
ROKKO HOLDINGS LTD,https://rokkogroup.com/en/,"sales@rokko.com.sg, 9677EMAILrokko@gmail.com, rokko@gmail.com"
SPM REFINERY PTE LTD,https://www.spmrefinery.com.sg/career/,No email found
RORZE TECHNOLOGY SINGAPORE PTE LTD,https://www.rorze.com/en/,"jinji@rorze.com, info@rorze.com"
Marshall Cavendish Business Information Private Limited,https://marshallcavendish.com/,No email found
INTERFLUX SINGAPORE PTE LTD,https://interflux.com/,No email found
DNIV INTERNATIONAL PTE LTD,http://dniv.com.sg/,"contact@dniv-sg.com, .Q@h.mB, m@-.GU"
RADIANT OPTRONICS PTE LTD,https://www.radiantoptronics.com/,No email found
MILLENNIUM 3 BUILDING PRODUCTS PTE LTD,https://m3bp.com/,"sales@m3bp.com, hr@m3bp.com"
ZMC TECHNOLOGIES PTE LTD,http://www.zmc.net/,"sommart@zmc.net, alex_wong@zmc.net, steven_ho@zmc.net, debbie_lee@zmc.net, zmcsuppt@zmc.net, jack@zmc.net, alexwong@zmc.net, yf_lau@zmc.net"
R K INSTRUMENTS (S) PTE LTD,https://www.rkinstruments.com.sg/,"bob@rkiinstruments.com, dag@bruusgaard.noPerson, gregorys@modcon.co.ilPerson, em-olea@entelchile.net, tairiku.alpeev@co.ru, ofistrk@online.ruPerson, marine@rkinstruments.com.sgLand, nie@rkkc.net, sales@weatherall-uk.comPerson, master@rikenkeiki.co.krPerson, sandra@rkiinstruments.comPerson, doganak@doganak.comPerson, centradindo.unitras@gmail.comPerson, brian@rikenkeiki.com.twPerson, sales@tritech.inPerson, zerv@otenet.grPerson, sales@gms-instruments.nlPerson, sales@ptpgs.co.idPerson, rk-taiwan@rikenkeiki.com.twPerson, services@rkinstruments.com.sgInternational, emolina@electronicmarine.clPerson, sales@rikenkeiki-me.comPerson, info@vina-gasdetector.vnPerson, matsui@rkkc.net, y-ikenaga@rikenkeikigmbh.dePerson, enquiries@resetnaval.comPerson, intdept@rikenkeiki.co.jpWebsite, microsur@microsur.orgPerson, hideko@nakayama.com.brPerson, office@marineinvest.plPerson, istvanisl@xsinet.co.zaPerson, carbotoka@op.plPerson, tairiku@tairiku-trading.co.jpPerson, yuji@taiyogases.th.comPerson, land@rkinstruments.com.sgTechnical, intl@rkinstruments.com.sgService, sales@controlequipment.com.auPerson, info@hitinc.co.krPerson, gerry.gueco@yahoo.com.phPerson, intl@rkinstruments.com.sg, rk@rkinstruments.com.sgPerson, info@rikenkeiki.com.myPerson, ventas@preventgas.com.arPerson, yin@rkkc.net"
RAYTEC MACHINERY PTE LTD,https://sg.kompass.com/c/raytec-machinery-pte-ltd/sg034683/,No email found
SM SYSTEM CONTROL PTE LTD,https://sm-online.smsystemcontrol.com.sg/,No email found
ZEN VOCE MANUFACTURING PTE LTD,https://www.zenvoce.com/en/,"sales_zv@zenvoce.com, sophie@zenvoce.com"
ZMC ENGINEERING PTE LTD,http://www.zmc.net/,"sommart@zmc.net, alex_wong@zmc.net, steven_ho@zmc.net, debbie_lee@zmc.net, zmcsuppt@zmc.net, jack@zmc.net, alexwong@zmc.net, yf_lau@zmc.net"
ZINCODE TECHNOLOGIES PTE LTD,https://zincode.net/,"3306Emailsales@zincode.netSocial, Visionvictortai@goatstudio.com, sales@zincode.netWeb, sales@zincode.net, victortai@goatstudio.com, 3392sales@zincode.netThailand, sales@zincode.netProducts, Articlesvictortai@goatstudio.com, Zincodevictortai@goatstudio.com, Inspectionvictortai@goatstudio.com, Solutionvictortai@goatstudio.com, Resourcesvictortai@goatstudio.com"
REDDOT PRODUCTION PTE LTD,https://www.sgmarineindustries.com/companies/reddot-production-pte-ltd,"mo@denjet.com, dpo.mcbi@sg.marshallcavendish.com, bizinfo@sg.marshallcavendish.comTHAILANDGreen, enquiries@oceanmaster.com.sg, info@greenworldmedia.co.th"
ZT TECHNOLOGIES PTE LTD,http://www.zt-tech.com.sg/,sales@zt-tech.com.sg
